{"main":{"language":"es","lastHostname":"192.168.1.102","darkTheme":true,"useBinaryPrefix":true,"disableAutoComplete":false,"settingsStorageLocal":false,"settingsSaveDelay":2000,"cacheStorageLocal":true,"cacheSaveDelay":4000,"notifications":{"errorsPersistent":true,"timeout":5000},"webcam":{"url":"","updateInterval":5000,"liveUrl":"","useFix":false,"embedded":false,"rotation":0,"flip":"none"},"enabledPlugins":["Height Map"],"plugins":{}},"machine":{"ajaxRetries":2,"updateInterval":250,"extendedUpdateEvery":20,"fileTransferRetryThreshold":358400,"crcUploads":true,"pingInterval":2000,"updateDelay":0,"babystepAmount":0.05,"codes":["G0 E10 F600","G0 E10 F6000","M0","M1","M104 S200","M104 T0 S0","M104 T0 S100","M104 T0 S200","M104 T1","M104 T1 S0","M104 T1 S100","M104 T1 S200","M104 T2 S100","M104 T3 S100","M105","M105 T1","M105 T2","M106 P0 S255","M106 P1 S255","M106 P1S255","M106 P2 S255","M106 P2S255","M106 P3 S255","M106 P3S255","M106 P4 S255","M106 P5 S255","M106 P5S255","M106 S255","M107","M107 P1","M107 P2","M115","M119","M122","M140 S0","M140 S100.","M140 S50","M150 R0","M150 R25 U255 B25","M150 R25 U255 B255","M150 R255","M150 R255 B255","M150 R255 U255","M150 R255 U255 B255","M17","M18","M203 E6000","M302","M302 P1","M84","T0","T1","T2"],"displayedExtraTemperatures":[],"displayedExtruders":[0,1],"displayedFans":[-1,0,1,2],"moveSteps":{"X":[100,50,10,1,0.1],"Y":[100,50,10,1,0.1],"Z":[50,25,5,0.5,0.05],"default":[100,50,10,1,0.1]},"moveFeedrate":6000,"extruderAmounts":[100,50,20,10,5,1],"extruderFeedrates":[60,30,15,5,1],"temperatures":{"tool":{"active":[250,235,220,205,195,160,120,100,0],"standby":[210,180,160,140,0]},"bed":{"active":[110,100,90,70,65,60,0],"standby":[40,30,0]},"chamber":[90,80,70,60,50,40,0]},"spindleRPM":[10000,75000,5000,2500,1000,0],"enabledPlugins":[],"plugins":{}}}